<?xml version="1.0" encoding="UTF-8"?>
<project-private xmlns="http://www.netbeans.org/ns/project-private/1">
    <editor-bookmarks xmlns="http://www.netbeans.org/ns/editor-bookmarks/2" lastBookmarkId="0"/>
    <open-files xmlns="http://www.netbeans.org/ns/projectui-open-files/2">
        <group>
            <file>file:/C:/Users/test/Documents/NetBeansProjects/TestProg/web/tableprintaction.jsp</file>
            <file>file:/C:/Users/test/Documents/NetBeansProjects/TestProg/web/staffsalaction.jsp</file>
            <file>file:/C:/Users/test/Documents/NetBeansProjects/TestProg/web/delete.jsp</file>
            <file>file:/C:/Users/test/Documents/NetBeansProjects/TestProg/web/staffdataaction.jsp</file>
            <file>file:/C:/Users/test/Documents/NetBeansProjects/TestProg/web/Markaction.jsp</file>
            <file>file:/C:/Users/test/Documents/NetBeansProjects/TestProg/web/staffdata.jsp</file>
            <file>file:/C:/Users/test/Documents/NetBeansProjects/TestProg/web/staffsal.jsp</file>
            <file>file:/C:/Users/test/Documents/NetBeansProjects/TestProg/web/mark.jsp</file>
            <file>file:/C:/Users/test/Documents/NetBeansProjects/TestProg/web/update.jsp</file>
            <file>file:/C:/Users/test/Documents/NetBeansProjects/TestProg/web/updateaction.jsp</file>
        </group>
    </open-files>
</project-private>
